
{
    "region" : "us-east-2",
    "configuration" : "Debug",
    "framework"     : "net8.0",
    "self-contained" : true,
    "application"    : "AutomaticSchedulingApp",
    "environment"    : "AutomaticSchedulingApp-dev",
    "enable-xray"    : false,
    "enhanced-health-type" : "basic",
    "additional-options"   : "\"aws:autoscaling:launchconfiguration,SecurityGroups\"=\"sg-0fc2e6c0e5b2d81bf,sg-04a4ec6e6b988004b\";\"aws:ec2:vpc,Subnets\"=\"subnet-016ee776e7b4b20fb\"",
    "solution-stack"       : "64bit Amazon Linux 2 v2.7.1 running .NET Core",
    "environment-type"     : "SingleInstance",
    "cname"                : "wynd-autosched",
    "instance-type"        : "t3a.medium",
    "key-pair"             : "",
    "instance-profile"     : "aws-elasticbeanstalk-ec2-role",
    "service-role"         : "aws-elasticbeanstalk-service-role",
    "proxy-server"         : "nginx"
}